SN,Area_Name,Year,Sub_Group_Name,Victims_Above_50_Yrs,Victims_Total,Victims_Upto_10_15_Yrs,Victims_Upto_10_Yrs,Victims_Upto_15_18_Yrs,Victims_Upto_18_30_Yrs,Victims_Upto_30_50_Yrs
0,Andhra Pradesh,2001,1. Male Victims,17,144,3,1,5,54,64
1,Arunachal Pradesh,2001,1. Male Victims,1,6,0,0,0,3,2
2,Assam,2001,1. Male Victims,2,38,0,0,0,20,16
3,Bihar,2001,1. Male Victims,20,232,3,0,19,116,74
4,Chandigarh,2001,1. Male Victims,0,6,0,0,1,6,0
5,Chhattisgarh,2001,1. Male Victims,8,73,2,2,3,33,25
6,Delhi,2001,1. Male Victims,2,63,1,1,10,31,20
7,Goa,2001,1. Male Victims,2,5,0,0,1,3,8
8,Gujarat,2001,1. Male Victims,18,230,23,44,11,61,73
9,Haryana,2001,1. Male Victims,3,67,0,4,2,32,26
10,Himachal Pradesh,2001,1. Male Victims,1,10,1,0,2,2,4
11,Jammu & Kashmir,2001,1. Male Victims,0,27,8,0,8,6,5
12,Jharkhand,2001,1. Male Victims,5,108,1,2,6,52,42
13,Karnataka,2001,1. Male Victims,3,67,5,2,5,27,25
14,Kerala,2001,1. Male Victims,7,81,4,3,1,23,44
15,Madhya Pradesh,2001,1. Male Victims,7,86,3,2,3,44,27
16,Maharashtra,2001,1. Male Victims,6,103,5,3,10,47,32
17,Manipur,2001,1. Male Victims,2,3,0,0,1,2,1
18,Meghalaya,2001,1. Male Victims,0,2,0,0,0,1,1
19,Mizoram,2001,1. Male Victims,2,13,1,0,1,3,6
20,Nagaland,2001,1. Male Victims,0,36,0,0,7,18,11
21,Odisha,2001,1. Male Victims,0,38,0,0,5,17,16
22,Punjab,2001,1. Male Victims,5,56,0,3,2,18,28
23,Rajasthan,2001,1. Male Victims,3,54,0,1,1,18,32
24,Sikkim,2001,1. Male Victims,2,7,0,0,1,6,1
25,Tamil Nadu,2001,1. Male Victims,4,11,1,1,3,1,1
26,Uttar Pradesh,2001,1. Male Victims,116,1086,7,4,62,430,467
27,Uttarakhand,2001,1. Male Victims,6,38,0,0,1,14,17
28,West Bengal,2001,1. Male Victims,22,513,16,1,28,239,207
29,Andhra Pradesh,2002,1. Male Victims,10,181,2,2,7,78,82
30,Arunachal Pradesh,2002,1. Male Victims,1,6,0,0,1,5,8
31,Assam,2002,1. Male Victims,4,54,0,0,0,28,22
32,Bihar,2002,1. Male Victims,18,381,1,0,15,189,158
33,Chandigarh,2002,1. Male Victims,0,7,0,0,0,4,3
34,Chhattisgarh,2002,1. Male Victims,3,20,0,2,3,7,5
35,Daman & Diu,2002,1. Male Victims,0,0,0,0,0,0,0
36,Delhi,2002,1. Male Victims,3,68,1,5,3,34,22
37,Goa,2002,1. Male Victims,1,6,0,0,1,3,2
38,Gujarat,2002,1. Male Victims,6,24,0,0,0,6,12
39,Haryana,2002,1. Male Victims,1,83,0,2,5,40,35
40,Himachal Pradesh,2002,1. Male Victims,1,4,1,0,0,0,2
41,Jammu & Kashmir,2002,1. Male Victims,1,28,0,0,2,11,14
42,Jharkhand,2002,1. Male Victims,6,95,3,1,4,39,42
43,Karnataka,2002,1. Male Victims,3,52,0,5,4,20,20
44,Kerala,2002,1. Male Victims,10,190,4,0,1,93,82
45,Madhya Pradesh,2002,1. Male Victims,23,182,14,4,16,73,52
46,Maharashtra,2002,1. Male Victims,9,99,1,3,1,45,40
47,Manipur,2002,1. Male Victims,1,1,0,0,1,10,8
48,Meghalaya,2002,1. Male Victims,0,3,0,0,0,2,1
49,Mizoram,2002,1. Male Victims,2,4,0,0,2,1,1
50,Nagaland,2002,1. Male Victims,0,6,0,0,0,4,2
51,Odisha,2002,1. Male Victims,1,43,0,0,2,15,25
52,Puducherry,2002,1. Male Victims,2,1,0,0,1,10,1
53,Punjab,2002,1. Male Victims,1,103,0,3,1,47,51
54,Rajasthan,2002,1. Male Victims,4,50,1,0,1,17,27
55,Sikkim,2002,1. Male Victims,2,2,0,0,1,10,2
56,Tamil Nadu,2002,1. Male Victims,0,30,0,0,4,9,17
57,Uttar Pradesh,2002,1. Male Victims,84,1155,10,4,66,540,451
58,Uttarakhand,2002,1. Male Victims,5,44,0,0,1,18,21
59,West Bengal,2002,1. Male Victims,15,489,0,0,2,307,165
60,Andaman & Nicobar Islands,2003,1. Male Victims,0,1,0,0,0,1,0
61,Andhra Pradesh,2003,1. Male Victims,11,161,0,0,1,86,63
62,Arunachal Pradesh,2003,1. Male Victims,0,3,0,0,0,3,0
63,Assam,2003,1. Male Victims,0,30,0,0,0,20,10
64,Bihar,2003,1. Male Victims,21,299,4,0,21,174,79
65,Chandigarh,2003,1. Male Victims,0,2,0,0,0,2,0
66,Chhattisgarh,2003,1. Male Victims,3,44,0,0,5,23,13
67,Dadra & Nagar Haveli,2003,1. Male Victims,2,1,0,0,1,10,1
68,Daman & Diu,2003,1. Male Victims,0,0,0,0,0,0,0
69,Delhi,2003,1. Male Victims,3,68,1,2,2,36,24
70,Goa,2003,1. Male Victims,3,14,0,0,1,5,6
71,Gujarat,2003,1. Male Victims,1,56,2,2,4,34,13
72,Haryana,2003,1. Male Victims,3,71,0,5,4,22,37
73,Himachal Pradesh,2003,1. Male Victims,0,5,1,0,0,1,3
74,Jammu & Kashmir,2003,1. Male Victims,2,26,0,0,0,12,12
75,Jharkhand,2003,1. Male Victims,4,75,1,0,2,28,40
76,Karnataka,2003,1. Male Victims,6,67,2,1,1,20,37
77,Kerala,2003,1. Male Victims,35,309,5,1,1,182,85
78,Madhya Pradesh,2003,1. Male Victims,10,41,0,0,2,16,13
79,Maharashtra,2003,1. Male Victims,12,118,2,1,2,40,61
80,Manipur,2003,1. Male Victims,0,5,0,0,1,3,2
81,Meghalaya,2003,1. Male Victims,0,15,1,0,1,12,1
82,Mizoram,2003,1. Male Victims,0,2,0,0,0,2,0
83,Nagaland,2003,1. Male Victims,0,12,0,0,0,6,6
84,Odisha,2003,1. Male Victims,1,45,0,0,0,22,22
85,Punjab,2003,1. Male Victims,7,131,1,1,6,35,81
86,Rajasthan,2003,1. Male Victims,2,47,2,1,1,18,23
87,Sikkim,2003,1. Male Victims,2,1,0,0,1,1,8
88,Tamil Nadu,2003,1. Male Victims,2,22,1,0,1,5,13
89,Uttar Pradesh,2003,1. Male Victims,130,1407,18,2,77,592,588
90,Uttarakhand,2003,1. Male Victims,2,33,0,0,0,12,19
91,West Bengal,2003,1. Male Victims,21,431,1,0,2,242,165
92,Andaman & Nicobar Islands,2004,1. Male Victims,0,1,0,0,0,1,0
93,Andhra Pradesh,2004,1. Male Victims,6,141,1,0,0,74,60
94,Arunachal Pradesh,2004,1. Male Victims,0,1,0,0,0,1,0
95,Assam,2004,1. Male Victims,1,58,0,0,0,39,18
96,Bihar,2004,1. Male Victims,14,267,0,1,9,140,103
97,Chandigarh,2004,1. Male Victims,0,10,0,0,0,2,8
98,Chhattisgarh,2004,1. Male Victims,4,21,0,0,2,10,5
99,Delhi,2004,1. Male Victims,6,100,0,4,2,60,28
100,Goa,2004,1. Male Victims,1,5,0,0,1,1,3
101,Gujarat,2004,1. Male Victims,0,26,0,4,2,8,12
102,Haryana,2004,1. Male Victims,2,59,0,4,1,24,28
103,Himachal Pradesh,2004,1. Male Victims,2,9,0,0,0,1,6
104,Jammu & Kashmir,2004,1. Male Victims,2,25,0,1,1,7,15
105,Jharkhand,2004,1. Male Victims,4,78,1,0,2,30,41
106,Karnataka,2004,1. Male Victims,15,204,2,4,1,83,99
107,Kerala,2004,1. Male Victims,35,418,8,5,14,201,155
108,Madhya Pradesh,2004,1. Male Victims,11,201,14,4,8,90,74
109,Maharashtra,2004,1. Male Victims,29,189,0,4,2,51,103
110,Manipur,2004,1. Male Victims,0,2,0,0,0,2,0
111,Meghalaya,2004,1. Male Victims,0,7,0,0,0,4,3
112,Mizoram,2004,1. Male Victims,0,1,0,0,0,1,0
113,Nagaland,2004,1. Male Victims,0,5,0,0,0,2,3
114,Odisha,2004,1. Male Victims,2,18,0,0,0,6,10
115,Puducherry,2004,1. Male Victims,7,14,0,0,1,2,5
116,Punjab,2004,1. Male Victims,19,160,1,7,6,72,55
117,Rajasthan,2004,1. Male Victims,2,52,0,1,1,23,28
118,Sikkim,2004,1. Male Victims,0,3,0,0,0,2,1
119,Tamil Nadu,2004,1. Male Victims,1,63,42,0,0,11,9
120,Tripura,2004,1. Male Victims,2,21,0,0,1,10,8
121,Uttar Pradesh,2004,1. Male Victims,108,1262,20,10,65,570,489
122,Uttarakhand,2004,1. Male Victims,2,27,0,0,0,15,10
123,West Bengal,2004,1. Male Victims,33,403,1,0,0,220,149
124,Andaman & Nicobar Islands,2005,1. Male Victims,2,3,0,0,1,1,2
125,Andhra Pradesh,2005,1. Male Victims,6,94,2,1,2,41,42
126,Arunachal Pradesh,2005,1. Male Victims,0,5,0,0,0,5,0
127,Assam,2005,1. Male Victims,2,117,0,0,0,69,46
128,Bihar,2005,1. Male Victims,8,230,1,0,6,130,85
129,Chandigarh,2005,1. Male Victims,0,3,0,0,0,2,1
130,Chhattisgarh,2005,1. Male Victims,4,53,1,2,6,15,25
131,Daman & Diu,2005,1. Male Victims,2,4,0,0,1,4,8
132,Delhi,2005,1. Male Victims,2,69,3,2,4,31,29
133,Goa,2005,1. Male Victims,1,3,0,0,1,10,2
134,Gujarat,2005,1. Male Victims,1,31,0,1,0,13,16
135,Haryana,2005,1. Male Victims,2,51,0,4,2,20,23
136,Himachal Pradesh,2005,1. Male Victims,1,19,0,0,1,9,8
137,Jammu & Kashmir,2005,1. Male Victims,1,32,0,1,0,16,14
138,Jharkhand,2005,1. Male Victims,0,79,0,0,6,35,38
139,Karnataka,2005,1. Male Victims,3,72,1,0,3,32,33
140,Kerala,2005,1. Male Victims,16,78,0,2,3,22,35
141,Madhya Pradesh,2005,1. Male Victims,15,187,12,5,12,75,68
142,Maharashtra,2005,1. Male Victims,8,87,2,7,3,29,38
143,Manipur,2005,1. Male Victims,0,4,0,0,0,2,2
144,Meghalaya,2005,1. Male Victims,1,2,0,0,0,1,0
145,Mizoram,2005,1. Male Victims,0,5,0,0,0,5,0
146,Nagaland,2005,1. Male Victims,0,7,0,0,0,2,5
147,Odisha,2005,1. Male Victims,1,46,2,4,1,21,17
148,Puducherry,2005,1. Male Victims,1,6,0,0,1,1,4
149,Punjab,2005,1. Male Victims,35,253,7,9,19,86,97
150,Rajasthan,2005,1. Male Victims,6,53,1,1,4,18,23
151,Tamil Nadu,2005,1. Male Victims,2,32,1,0,1,14,14
152,Tripura,2005,1. Male Victims,1,1,0,0,1,10,8
153,Uttar Pradesh,2005,1. Male Victims,139,1348,24,9,90,568,518
154,Uttarakhand,2005,1. Male Victims,1,27,0,0,0,17,9
155,West Bengal,2005,1. Male Victims,22,359,0,0,0,204,133
156,Andhra Pradesh,2006,1. Male Victims,5,120,2,0,2,60,51
157,Arunachal Pradesh,2006,1. Male Victims,0,3,0,0,0,1,2
158,Assam,2006,1. Male Victims,0,32,0,0,0,18,14
159,Bihar,2006,1. Male Victims,12,298,0,0,0,174,112
160,Chandigarh,2006,1. Male Victims,0,7,0,0,0,5,2
161,Chhattisgarh,2006,1. Male Victims,2,19,2,1,0,5,9
162,Delhi,2006,1. Male Victims,2,67,0,0,3,28,34
163,Goa,2006,1. Male Victims,2,2,1,0,1,10,1
164,Gujarat,2006,1. Male Victims,1,20,1,0,1,5,12
165,Haryana,2006,1. Male Victims,4,47,0,0,3,18,22
166,Himachal Pradesh,2006,1. Male Victims,0,19,0,0,0,6,13
167,Jammu & Kashmir,2006,1. Male Victims,1,34,0,0,0,21,12
168,Jharkhand,2006,1. Male Victims,3,81,3,0,7,34,34
169,Karnataka,2006,1. Male Victims,4,64,0,3,2,30,25
170,Kerala,2006,1. Male Victims,18,102,4,1,1,26,52
171,Madhya Pradesh,2006,1. Male Victims,16,119,2,12,7,38,44
172,Maharashtra,2006,1. Male Victims,10,89,4,2,1,40,32
173,Manipur,2006,1. Male Victims,0,4,0,0,0,3,1
174,Meghalaya,2006,1. Male Victims,0,6,0,0,0,4,2
175,Mizoram,2006,1. Male Victims,0,8,0,0,1,3,4
176,Nagaland,2006,1. Male Victims,0,7,0,0,0,5,2
177,Odisha,2006,1. Male Victims,0,40,0,0,0,26,14
178,Puducherry,2006,1. Male Victims,1,3,0,0,1,1,1
179,Punjab,2006,1. Male Victims,8,151,4,1,6,70,62
180,Rajasthan,2006,1. Male Victims,2,61,2,0,3,22,32
181,Sikkim,2006,1. Male Victims,2,3,0,1,1,10,2
182,Tamil Nadu,2006,1. Male Victims,4,22,1,1,1,7,8
183,Tripura,2006,1. Male Victims,2,1,1,0,1,10,8
184,Uttar Pradesh,2006,1. Male Victims,133,1364,22,6,59,528,616
185,Uttarakhand,2006,1. Male Victims,1,38,0,0,0,19,18
186,West Bengal,2006,1. Male Victims,17,359,0,0,0,208,134
187,Andaman & Nicobar Islands,2007,1. Male Victims,2,1,1,0,1,10,8
188,Andhra Pradesh,2007,1. Male Victims,19,136,1,2,2,62,50
189,Arunachal Pradesh,2007,1. Male Victims,0,2,0,0,0,0,2
190,Assam,2007,1. Male Victims,0,109,0,0,0,61,48
191,Bihar,2007,1. Male Victims,10,240,0,0,1,142,87
192,Chandigarh,2007,1. Male Victims,1,8,0,0,0,2,5
193,Chhattisgarh,2007,1. Male Victims,2,31,0,2,2,15,10
194,Delhi,2007,1. Male Victims,3,93,0,1,1,49,39
195,Goa,2007,1. Male Victims,2,6,0,0,1,1,3
196,Gujarat,2007,1. Male Victims,0,16,2,4,0,6,4
197,Haryana,2007,1. Male Victims,2,78,1,0,4,37,34
198,Himachal Pradesh,2007,1. Male Victims,0,6,0,0,0,0,6
199,Jammu & Kashmir,2007,1. Male Victims,0,20,1,1,0,8,10
200,Jharkhand,2007,1. Male Victims,2,86,0,0,6,42,36
201,Karnataka,2007,1. Male Victims,1,51,0,2,1,24,23
202,Kerala,2007,1. Male Victims,14,84,2,2,1,24,41
203,Madhya Pradesh,2007,1. Male Victims,9,132,6,10,11,52,44
204,Maharashtra,2007,1. Male Victims,10,122,1,3,6,54,48
205,Manipur,2007,1. Male Victims,0,2,0,1,0,1,0
206,Meghalaya,2007,1. Male Victims,0,8,0,0,0,6,2
207,Mizoram,2007,1. Male Victims,0,3,0,0,0,2,1
208,Nagaland,2007,1. Male Victims,0,8,0,0,0,8,0
209,Odisha,2007,1. Male Victims,0,40,0,0,0,37,3
210,Puducherry,2007,1. Male Victims,2,3,1,1,1,10,1
211,Punjab,2007,1. Male Victims,9,158,4,5,4,48,88
212,Rajasthan,2007,1. Male Victims,6,59,1,2,3,16,31
213,Sikkim,2007,1. Male Victims,2,3,0,0,1,1,2
214,Tamil Nadu,2007,1. Male Victims,3,25,2,1,0,8,11
215,Tripura,2007,1. Male Victims,2,1,0,0,1,10,1
216,Uttar Pradesh,2007,1. Male Victims,150,1384,30,9,74,606,515
217,Uttarakhand,2007,1. Male Victims,2,39,0,0,1,23,14
218,West Bengal,2007,1. Male Victims,6,292,3,6,23,166,88
219,Andhra Pradesh,2008,1. Male Victims,19,151,0,2,8,51,71
220,Arunachal Pradesh,2008,1. Male Victims,0,2,0,0,0,1,1
221,Assam,2008,1. Male Victims,0,71,0,0,0,46,25
222,Bihar,2008,1. Male Victims,27,362,0,0,0,181,154
223,Chandigarh,2008,1. Male Victims,0,5,0,0,0,5,0
224,Chhattisgarh,2008,1. Male Victims,0,14,0,2,0,4,8
225,Delhi,2008,1. Male Victims,2,64,1,1,1,40,19
226,Goa,2008,1. Male Victims,2,13,1,1,0,1,8
227,Gujarat,2008,1. Male Victims,4,72,3,7,1,33,24
228,Haryana,2008,1. Male Victims,3,83,1,5,2,30,42
229,Himachal Pradesh,2008,1. Male Victims,0,4,0,0,0,1,3
230,Jammu & Kashmir,2008,1. Male Victims,1,36,0,0,1,23,11
231,Jharkhand,2008,1. Male Victims,3,96,0,0,0,69,24
232,Karnataka,2008,1. Male Victims,5,66,1,2,1,23,34
233,Kerala,2008,1. Male Victims,17,79,1,4,1,24,33
234,Madhya Pradesh,2008,1. Male Victims,20,189,4,10,5,79,71
235,Maharashtra,2008,1. Male Victims,15,150,4,7,1,41,82
236,Manipur,2008,1. Male Victims,1,2,0,0,0,0,1
237,Meghalaya,2008,1. Male Victims,0,6,0,0,0,5,1
238,Mizoram,2008,1. Male Victims,0,5,0,0,0,4,1
239,Nagaland,2008,1. Male Victims,0,12,0,0,0,9,3
240,Odisha,2008,1. Male Victims,10,52,0,0,4,20,18
241,Puducherry,2008,1. Male Victims,1,3,0,0,1,2,8
242,Punjab,2008,1. Male Victims,8,128,4,5,3,46,62
243,Rajasthan,2008,1. Male Victims,4,51,0,2,2,19,24
244,Sikkim,2008,1. Male Victims,2,5,0,0,1,5,8
245,Tamil Nadu,2008,1. Male Victims,1,24,0,1,1,8,14
246,Tripura,2008,1. Male Victims,2,2,0,0,1,10,1
247,Uttar Pradesh,2008,1. Male Victims,114,1275,9,4,50,645,453
248,Uttarakhand,2008,1. Male Victims,3,34,0,0,1,17,14
249,West Bengal,2008,1. Male Victims,31,409,0,0,1,182,195
250,Andaman & Nicobar Islands,2009,1. Male Victims,2,4,0,0,1,10,2
251,Andhra Pradesh,2009,1. Male Victims,23,113,0,1,1,37,51
252,Arunachal Pradesh,2009,1. Male Victims,0,5,0,0,0,0,5
253,Assam,2009,1. Male Victims,0,35,0,0,0,24,11
254,Bihar,2009,1. Male Victims,15,227,0,0,0,128,84
255,Chandigarh,2009,1. Male Victims,0,6,0,1,0,3,2
256,Chhattisgarh,2009,1. Male Victims,1,17,0,2,0,3,11
257,Dadra & Nagar Haveli,2009,1. Male Victims,2,1,0,0,1,10,1
258,Daman & Diu,2009,1. Male Victims,2,1,0,0,1,1,8
259,Delhi,2009,1. Male Victims,3,83,1,0,3,41,35
260,Goa,2009,1. Male Victims,2,16,0,0,1,11,2
261,Gujarat,2009,1. Male Victims,0,40,2,1,1,22,14
262,Haryana,2009,1. Male Victims,7,89,0,2,1,43,36
263,Himachal Pradesh,2009,1. Male Victims,3,12,0,0,0,3,6
264,Jammu & Kashmir,2009,1. Male Victims,0,24,0,0,2,10,12
265,Jharkhand,2009,1. Male Victims,6,88,0,1,3,33,45
266,Karnataka,2009,1. Male Victims,3,98,0,1,2,55,37
267,Kerala,2009,1. Male Victims,23,128,5,6,8,25,61
268,Madhya Pradesh,2009,1. Male Victims,2,115,6,8,6,53,40
269,Maharashtra,2009,1. Male Victims,16,94,2,10,2,28,36
270,Manipur,2009,1. Male Victims,0,2,0,1,1,0,0
271,Meghalaya,2009,1. Male Victims,0,12,0,0,0,8,4
272,Mizoram,2009,1. Male Victims,1,8,0,0,1,2,5
273,Nagaland,2009,1. Male Victims,2,6,0,0,1,10,6
274,Odisha,2009,1. Male Victims,0,40,0,0,0,21,19
275,Puducherry,2009,1. Male Victims,2,5,0,2,1,1,2
276,Punjab,2009,1. Male Victims,9,112,2,4,3,35,59
277,Rajasthan,2009,1. Male Victims,6,118,1,0,2,52,57
278,Sikkim,2009,1. Male Victims,2,1,0,0,1,1,8
279,Tamil Nadu,2009,1. Male Victims,3,24,0,1,1,6,13
280,Tripura,2009,1. Male Victims,0,1,0,0,0,0,1
281,Uttar Pradesh,2009,1. Male Victims,117,1196,14,5,39,560,461
282,Uttarakhand,2009,1. Male Victims,6,43,0,0,1,19,18
283,West Bengal,2009,1. Male Victims,41,765,8,7,40,384,285
284,Andaman & Nicobar Islands,2010,1. Male Victims,2,1,0,0,1,10,1
285,Andhra Pradesh,2010,1. Male Victims,15,129,0,1,2,54,57
286,Arunachal Pradesh,2010,1. Male Victims,0,3,0,0,0,2,1
287,Assam,2010,1. Male Victims,2,46,0,0,1,33,13
288,Bihar,2010,1. Male Victims,16,266,0,0,8,164,78
289,Chandigarh,2010,1. Male Victims,0,9,0,0,0,1,8
290,Chhattisgarh,2010,1. Male Victims,4,25,0,3,1,6,11
291,Dadra & Nagar Haveli,2010,1. Male Victims,1,1,0,0,1,10,8
292,Daman & Diu,2010,1. Male Victims,2,1,0,0,1,1,8
293,Delhi,2010,1. Male Victims,3,113,9,7,4,61,29
294,Goa,2010,1. Male Victims,0,3,0,1,0,0,2
295,Gujarat,2010,1. Male Victims,7,69,1,0,0,32,29
296,Haryana,2010,1. Male Victims,3,66,0,1,1,32,29
297,Himachal Pradesh,2010,1. Male Victims,2,9,0,0,1,1,5
298,Jammu & Kashmir,2010,1. Male Victims,3,22,0,0,0,9,10
299,Jharkhand,2010,1. Male Victims,2,92,0,0,4,43,43
300,Karnataka,2010,1. Male Victims,6,126,0,0,1,72,47
301,Kerala,2010,1. Male Victims,21,109,0,2,1,41,44
302,Madhya Pradesh,2010,1. Male Victims,3,112,3,8,2,48,48
303,Maharashtra,2010,1. Male Victims,18,178,5,6,5,92,52
304,Manipur,2010,1. Male Victims,0,0,0,0,0,0,0
305,Meghalaya,2010,1. Male Victims,0,8,1,0,1,3,3
306,Mizoram,2010,1. Male Victims,1,13,0,0,0,5,7
307,Nagaland,2010,1. Male Victims,2,11,1,0,0,4,4
308,Odisha,2010,1. Male Victims,0,19,0,0,0,9,10
309,Puducherry,2010,1. Male Victims,4,13,0,1,1,3,5
310,Punjab,2010,1. Male Victims,12,134,2,4,6,48,62
311,Rajasthan,2010,1. Male Victims,9,96,0,0,3,33,51
312,Sikkim,2010,1. Male Victims,2,2,0,0,1,1,1
313,Tamil Nadu,2010,1. Male Victims,3,29,0,1,2,9,14
314,Tripura,2010,1. Male Victims,0,5,0,1,1,2,1
315,Uttar Pradesh,2010,1. Male Victims,126,1186,16,4,32,587,421
316,Uttarakhand,2010,1. Male Victims,2,49,0,0,1,27,20
317,West Bengal,2010,1. Male Victims,42,478,2,0,3,315,116
318,Andhra Pradesh,2001,2. Female Victims,2,5,0,0,0,3,0
319,Arunachal Pradesh,2001,2. Female Victims,0,0,0,0,0,0,0
320,Assam,2001,2. Female Victims,0,2,0,0,1,0,1
321,Bihar,2001,2. Female Victims,0,18,0,0,1,12,5
322,Chandigarh,2001,2. Female Victims,0,0,0,0,0,0,0
323,Chhattisgarh,2001,2. Female Victims,1,7,0,1,0,4,1
324,Delhi,2001,2. Female Victims,1,14,1,2,1,4,6
325,Gujarat,2001,2. Female Victims,32,221,21,40,17,59,52
326,Haryana,2001,2. Female Victims,1,13,0,1,1,6,4
327,Himachal Pradesh,2001,2. Female Victims,0,1,0,0,0,1,0
328,Jammu & Kashmir,2001,2. Female Victims,0,9,0,1,0,2,6
329,Jharkhand,2001,2. Female Victims,4,35,0,3,6,13,9
330,Karnataka,2001,2. Female Victims,2,10,0,2,2,2,2
331,Kerala,2001,2. Female Victims,3,30,1,2,4,12,8
332,Madhya Pradesh,2001,2. Female Victims,6,39,2,1,4,18,8
333,Maharashtra,2001,2. Female Victims,2,31,1,4,1,19,4
334,Manipur,2001,2. Female Victims,2,2,0,0,1,1,1
335,Meghalaya,2001,2. Female Victims,0,0,0,0,0,0,0
336,Mizoram,2001,2. Female Victims,0,1,0,0,0,1,0
337,Nagaland,2001,2. Female Victims,0,1,0,0,0,1,0
338,Odisha,2001,2. Female Victims,0,17,0,0,0,17,0
339,Puducherry,2001,2. Female Victims,1,1,0,0,1,10,8
340,Punjab,2001,2. Female Victims,2,24,0,1,0,16,5
341,Rajasthan,2001,2. Female Victims,2,9,0,2,1,3,3
342,Tamil Nadu,2001,2. Female Victims,2,8,0,0,1,3,2
343,Uttar Pradesh,2001,2. Female Victims,7,139,2,1,13,63,53
344,Uttarakhand,2001,2. Female Victims,2,1,0,0,1,10,1
345,West Bengal,2001,2. Female Victims,1,75,4,0,11,35,24
346,Andaman & Nicobar Islands,2002,2. Female Victims,0,1,0,0,0,1,0
347,Andhra Pradesh,2002,2. Female Victims,5,22,0,0,0,8,9
348,Assam,2002,2. Female Victims,0,1,0,0,0,1,0
349,Bihar,2002,2. Female Victims,0,19,0,0,2,12,5
350,Chandigarh,2002,2. Female Victims,0,0,0,0,0,0,0
351,Chhattisgarh,2002,2. Female Victims,0,4,1,0,0,2,1
352,Daman & Diu,2002,2. Female Victims,0,0,0,0,0,0,0
353,Delhi,2002,2. Female Victims,0,11,0,3,0,3,5
354,Gujarat,2002,2. Female Victims,0,3,0,0,0,1,2
355,Haryana,2002,2. Female Victims,1,12,1,1,1,5,3
356,Himachal Pradesh,2002,2. Female Victims,0,2,0,0,0,1,1
357,Jammu & Kashmir,2002,2. Female Victims,0,4,0,0,0,2,2
358,Jharkhand,2002,2. Female Victims,2,20,2,2,3,6,5
359,Karnataka,2002,2. Female Victims,1,7,0,1,2,2,1
360,Kerala,2002,2. Female Victims,3,20,0,4,1,8,5
361,Madhya Pradesh,2002,2. Female Victims,11,47,1,0,3,18,14
362,Maharashtra,2002,2. Female Victims,5,11,0,1,1,1,3
363,Manipur,2002,2. Female Victims,1,2,0,0,1,10,1
364,Meghalaya,2002,2. Female Victims,0,0,0,0,0,0,0
365,Mizoram,2002,2. Female Victims,2,1,0,0,1,10,1
366,Nagaland,2002,2. Female Victims,0,0,0,0,0,0,0
367,Odisha,2002,2. Female Victims,0,20,0,1,0,13,6
368,Puducherry,2002,2. Female Victims,2,1,0,0,1,1,8
369,Punjab,2002,2. Female Victims,2,29,0,3,1,11,12
370,Rajasthan,2002,2. Female Victims,2,18,0,0,0,15,3
371,Tamil Nadu,2002,2. Female Victims,0,7,0,0,1,3,3
372,Tripura,2002,2. Female Victims,2,1,0,0,1,1,0
373,Uttar Pradesh,2002,2. Female Victims,6,127,2,7,10,68,34
374,Uttarakhand,2002,2. Female Victims,0,4,0,0,1,3,1
375,West Bengal,2002,2. Female Victims,2,51,1,0,0,35,13
376,Andhra Pradesh,2003,2. Female Victims,0,19,0,0,1,9,9
377,Arunachal Pradesh,2003,2. Female Victims,0,0,0,0,0,0,0
378,Assam,2003,2. Female Victims,0,18,0,0,0,17,1
379,Bihar,2003,2. Female Victims,0,19,0,0,3,11,5
380,Chandigarh,2003,2. Female Victims,0,0,0,0,0,0,0
381,Chhattisgarh,2003,2. Female Victims,1,13,0,1,0,6,5
382,Daman & Diu,2003,2. Female Victims,0,0,0,0,0,0,0
383,Delhi,2003,2. Female Victims,0,11,0,2,0,4,5
384,Gujarat,2003,2. Female Victims,0,19,1,0,3,8,7
385,Haryana,2003,2. Female Victims,3,11,0,0,1,4,3
386,Himachal Pradesh,2003,2. Female Victims,0,0,0,0,0,0,0
387,Jammu & Kashmir,2003,2. Female Victims,0,3,0,0,0,2,1
388,Jharkhand,2003,2. Female Victims,0,34,0,0,2,30,2
389,Karnataka,2003,2. Female Victims,1,7,0,1,0,3,2
390,Kerala,2003,2. Female Victims,5,43,1,0,1,23,14
391,Madhya Pradesh,2003,2. Female Victims,18,162,11,1,13,70,49
392,Maharashtra,2003,2. Female Victims,4,28,0,1,1,13,9
393,Manipur,2003,2. Female Victims,0,1,0,0,0,0,1
394,Meghalaya,2003,2. Female Victims,0,2,0,0,2,0,0
395,Mizoram,2003,2. Female Victims,2,1,0,0,1,0,1
396,Nagaland,2003,2. Female Victims,0,0,0,0,0,0,0
397,Odisha,2003,2. Female Victims,0,146,0,0,0,110,36
398,Punjab,2003,2. Female Victims,0,25,1,1,0,13,10
399,Rajasthan,2003,2. Female Victims,2,14,1,0,1,8,3
400,Sikkim,2003,2. Female Victims,2,2,0,0,1,1,1
401,Tamil Nadu,2003,2. Female Victims,0,7,0,1,0,6,0
402,Uttar Pradesh,2003,2. Female Victims,11,118,3,1,14,45,44
403,Uttarakhand,2003,2. Female Victims,0,2,0,0,0,0,2
404,West Bengal,2003,2. Female Victims,2,55,1,0,0,41,11
405,Andaman & Nicobar Islands,2004,2. Female Victims,0,1,0,0,0,1,0
406,Andhra Pradesh,2004,2. Female Victims,0,22,0,1,0,16,5
407,Arunachal Pradesh,2004,2. Female Victims,0,0,0,0,0,0,0
408,Assam,2004,2. Female Victims,1,5,0,0,0,4,0
409,Bihar,2004,2. Female Victims,0,13,0,0,1,10,2
410,Chhattisgarh,2004,2. Female Victims,1,4,0,0,1,1,1
411,Delhi,2004,2. Female Victims,1,11,0,1,0,5,4
412,Goa,2004,2. Female Victims,2,1,0,0,1,10,1
413,Gujarat,2004,2. Female Victims,0,7,0,3,0,1,3
414,Haryana,2004,2. Female Victims,1,6,1,1,0,1,2
415,Himachal Pradesh,2004,2. Female Victims,0,3,0,0,0,2,1
416,Jammu & Kashmir,2004,2. Female Victims,1,5,1,0,1,2,1
417,Jharkhand,2004,2. Female Victims,2,37,0,0,2,32,3
418,Karnataka,2004,2. Female Victims,15,80,3,3,1,38,20
419,Kerala,2004,2. Female Victims,5,72,0,0,1,33,34
420,Madhya Pradesh,2004,2. Female Victims,3,45,0,7,1,21,13
421,Maharashtra,2004,2. Female Victims,2,25,1,3,0,9,10
422,Manipur,2004,2. Female Victims,0,1,0,0,0,0,1
423,Meghalaya,2004,2. Female Victims,1,4,0,1,0,0,2
424,Mizoram,2004,2. Female Victims,0,1,0,0,0,0,1
425,Nagaland,2004,2. Female Victims,0,0,0,0,0,0,0
426,Odisha,2004,2. Female Victims,0,7,0,0,0,3,4
427,Punjab,2004,2. Female Victims,4,62,1,1,1,28,27
428,Rajasthan,2004,2. Female Victims,2,10,2,0,1,8,8
429,Tamil Nadu,2004,2. Female Victims,2,56,52,0,0,0,2
430,Uttar Pradesh,2004,2. Female Victims,9,174,13,4,12,85,51
431,Uttarakhand,2004,2. Female Victims,0,2,0,0,0,1,1
432,West Bengal,2004,2. Female Victims,6,65,0,0,0,36,23
433,Andhra Pradesh,2005,2. Female Victims,3,17,0,0,0,6,8
434,Arunachal Pradesh,2005,2. Female Victims,0,0,0,0,0,0,0
435,Assam,2005,2. Female Victims,0,0,0,0,0,0,0
436,Bihar,2005,2. Female Victims,2,29,0,0,3,15,9
437,Chandigarh,2005,2. Female Victims,0,1,0,0,0,0,1
438,Chhattisgarh,2005,2. Female Victims,1,6,0,0,0,3,2
439,Delhi,2005,2. Female Victims,2,9,0,2,1,5,2
440,Goa,2005,2. Female Victims,2,2,0,0,1,2,8
441,Gujarat,2005,2. Female Victims,0,6,1,0,0,3,2
442,Haryana,2005,2. Female Victims,2,8,0,0,0,4,2
443,Himachal Pradesh,2005,2. Female Victims,1,3,0,0,0,1,1
444,Jammu & Kashmir,2005,2. Female Victims,0,5,0,0,0,2,3
445,Jharkhand,2005,2. Female Victims,0,16,0,0,2,9,5
446,Karnataka,2005,2. Female Victims,1,10,0,0,0,5,4
447,Kerala,2005,2. Female Victims,8,32,1,4,2,8,9
448,Madhya Pradesh,2005,2. Female Victims,4,39,3,1,3,21,7
449,Maharashtra,2005,2. Female Victims,4,27,0,3,1,13,6
450,Manipur,2005,2. Female Victims,0,0,0,0,0,0,0
451,Meghalaya,2005,2. Female Victims,0,0,0,0,0,0,0
452,Mizoram,2005,2. Female Victims,0,0,0,0,0,0,0
453,Nagaland,2005,2. Female Victims,0,1,0,1,0,0,0
454,Odisha,2005,2. Female Victims,1,9,0,0,0,3,5
455,Puducherry,2005,2. Female Victims,1,2,0,0,1,10,1
456,Punjab,2005,2. Female Victims,5,42,1,6,8,8,14
457,Rajasthan,2005,2. Female Victims,2,6,0,1,1,2,3
458,Sikkim,2005,2. Female Victims,2,2,0,0,1,1,8
459,Tamil Nadu,2005,2. Female Victims,2,2,0,0,1,10,2
460,Uttar Pradesh,2005,2. Female Victims,18,203,8,1,22,88,66
461,Uttarakhand,2005,2. Female Victims,0,3,0,0,0,2,1
462,West Bengal,2005,2. Female Victims,5,49,0,0,0,21,23
463,Andaman & Nicobar Islands,2006,2. Female Victims,2,1,0,0,1,1,8
464,Andhra Pradesh,2006,2. Female Victims,4,21,0,1,2,7,7
465,Arunachal Pradesh,2006,2. Female Victims,0,0,0,0,0,0,0
466,Assam,2006,2. Female Victims,0,0,0,0,0,0,0
467,Bihar,2006,2. Female Victims,0,28,0,0,0,20,8
468,Chandigarh,2006,2. Female Victims,0,1,0,0,0,0,1
469,Chhattisgarh,2006,2. Female Victims,0,5,0,0,0,2,3
470,Dadra & Nagar Haveli,2006,2. Female Victims,0,1,0,0,0,1,0
471,Delhi,2006,2. Female Victims,2,11,0,2,1,5,4
472,Goa,2006,2. Female Victims,2,1,0,0,1,10,1
473,Gujarat,2006,2. Female Victims,0,7,0,0,0,6,1
474,Haryana,2006,2. Female Victims,1,12,0,3,1,4,4
475,Himachal Pradesh,2006,2. Female Victims,0,2,0,0,0,2,0
476,Jammu & Kashmir,2006,2. Female Victims,0,6,0,0,0,2,4
477,Jharkhand,2006,2. Female Victims,0,16,0,0,3,9,4
478,Karnataka,2006,2. Female Victims,0,7,1,1,0,4,1
479,Kerala,2006,2. Female Victims,3,15,0,4,1,3,5
480,Madhya Pradesh,2006,2. Female Victims,1,19,3,3,0,4,8
481,Maharashtra,2006,2. Female Victims,0,21,0,5,0,8,8
482,Manipur,2006,2. Female Victims,0,0,0,0,0,0,0
483,Meghalaya,2006,2. Female Victims,0,2,0,1,0,1,0
484,Mizoram,2006,2. Female Victims,0,2,0,0,0,1,1
485,Nagaland,2006,2. Female Victims,0,1,0,1,0,0,0
486,Odisha,2006,2. Female Victims,0,18,0,0,0,9,9
487,Punjab,2006,2. Female Victims,1,44,0,2,2,26,13
488,Rajasthan,2006,2. Female Victims,2,18,0,0,3,9,4
489,Tamil Nadu,2006,2. Female Victims,2,21,0,0,1,10,8
490,Uttar Pradesh,2006,2. Female Victims,15,179,13,3,13,63,72
491,Uttarakhand,2006,2. Female Victims,0,2,0,0,0,0,2
492,West Bengal,2006,2. Female Victims,4,43,0,0,0,23,16
493,Andhra Pradesh,2007,2. Female Victims,7,26,1,0,0,14,4
494,Arunachal Pradesh,2007,2. Female Victims,0,0,0,0,0,0,0
495,Assam,2007,2. Female Victims,0,0,0,0,0,0,0
496,Bihar,2007,2. Female Victims,1,22,0,0,0,12,9
497,Chandigarh,2007,2. Female Victims,0,0,0,0,0,0,0
498,Chhattisgarh,2007,2. Female Victims,0,11,0,2,0,7,2
499,Delhi,2007,2. Female Victims,2,4,0,0,1,3,1
500,Goa,2007,2. Female Victims,2,1,0,1,1,10,8
501,Gujarat,2007,2. Female Victims,0,5,0,1,0,3,1
502,Haryana,2007,2. Female Victims,1,5,1,0,0,2,1
503,Himachal Pradesh,2007,2. Female Victims,1,3,0,1,0,0,1
504,Jammu & Kashmir,2007,2. Female Victims,0,8,2,1,1,3,1
505,Jharkhand,2007,2. Female Victims,0,6,0,0,0,2,4
506,Karnataka,2007,2. Female Victims,0,4,0,0,1,2,1
507,Kerala,2007,2. Female Victims,1,14,3,3,1,2,4
508,Madhya Pradesh,2007,2. Female Victims,2,23,1,6,1,7,6
509,Maharashtra,2007,2. Female Victims,3,26,0,3,1,15,4
510,Manipur,2007,2. Female Victims,0,0,0,0,0,0,0
511,Meghalaya,2007,2. Female Victims,0,1,0,0,0,1,0
512,Mizoram,2007,2. Female Victims,0,1,0,0,0,1,0
513,Nagaland,2007,2. Female Victims,0,0,0,0,0,0,0
514,Odisha,2007,2. Female Victims,0,6,0,0,0,1,5
515,Punjab,2007,2. Female Victims,4,67,1,4,11,38,9
516,Rajasthan,2007,2. Female Victims,2,5,0,1,1,1,1
517,Tamil Nadu,2007,2. Female Victims,0,5,0,1,0,2,2
518,Tripura,2007,2. Female Victims,2,1,0,0,1,10,1
519,Uttar Pradesh,2007,2. Female Victims,13,238,15,4,26,106,74
520,Uttarakhand,2007,2. Female Victims,2,11,0,0,1,9,2
521,West Bengal,2007,2. Female Victims,7,102,1,0,9,50,35
522,Andaman & Nicobar Islands,2008,2. Female Victims,2,2,0,1,1,10,1
523,Andhra Pradesh,2008,2. Female Victims,3,21,0,1,0,12,5
524,Arunachal Pradesh,2008,2. Female Victims,0,0,0,0,0,0,0
525,Assam,2008,2. Female Victims,0,0,0,0,0,0,0
526,Bihar,2008,2. Female Victims,1,24,0,0,0,14,9
527,Chandigarh,2008,2. Female Victims,0,1,0,0,0,1,0
528,Chhattisgarh,2008,2. Female Victims,0,4,0,1,0,2,1
529,Delhi,2008,2. Female Victims,2,2,0,0,1,10,2
530,Goa,2008,2. Female Victims,1,8,1,1,0,2,3
531,Gujarat,2008,2. Female Victims,3,27,2,4,2,9,7
532,Haryana,2008,2. Female Victims,1,14,0,0,1,8,4
533,Himachal Pradesh,2008,2. Female Victims,0,1,0,0,0,1,0
534,Jammu & Kashmir,2008,2. Female Victims,0,0,0,0,0,0,0
535,Jharkhand,2008,2. Female Victims,0,16,0,0,0,11,5
536,Karnataka,2008,2. Female Victims,1,18,0,0,0,4,13
537,Kerala,2008,2. Female Victims,2,17,2,3,1,5,4
538,Lakshadweep,2008,2. Female Victims,2,0,0,0,1,10,0
539,Madhya Pradesh,2008,2. Female Victims,1,50,8,6,2,19,14
540,Maharashtra,2008,2. Female Victims,5,51,4,3,1,24,14
541,Manipur,2008,2. Female Victims,0,2,0,0,0,2,0
542,Meghalaya,2008,2. Female Victims,0,0,0,0,0,0,0
543,Mizoram,2008,2. Female Victims,0,1,0,0,0,1,0
544,Nagaland,2008,2. Female Victims,0,2,0,0,0,1,1
545,Odisha,2008,2. Female Victims,7,32,0,1,2,10,12
546,Punjab,2008,2. Female Victims,4,27,0,2,1,9,12
547,Rajasthan,2008,2. Female Victims,2,3,1,0,1,10,2
548,Sikkim,2008,2. Female Victims,2,1,0,0,1,1,8
549,Tamil Nadu,2008,2. Female Victims,1,4,0,0,1,3,8
550,Uttar Pradesh,2008,2. Female Victims,9,222,2,2,20,121,68
551,Uttarakhand,2008,2. Female Victims,2,6,0,0,1,4,2
552,West Bengal,2008,2. Female Victims,2,79,0,0,1,63,13
553,Andhra Pradesh,2009,2. Female Victims,5,25,1,0,0,11,8
554,Arunachal Pradesh,2009,2. Female Victims,0,0,0,0,0,0,0
555,Assam,2009,2. Female Victims,0,0,0,0,0,0,0
556,Bihar,2009,2. Female Victims,1,16,0,0,0,4,11
557,Chandigarh,2009,2. Female Victims,0,2,0,1,0,0,1
558,Chhattisgarh,2009,2. Female Victims,1,2,0,0,0,1,0
559,Delhi,2009,2. Female Victims,0,4,0,0,1,1,3
560,Goa,2009,2. Female Victims,0,3,0,2,0,0,1
561,Gujarat,2009,2. Female Victims,1,20,1,4,4,9,1
562,Haryana,2009,2. Female Victims,1,14,0,4,0,1,8
563,Himachal Pradesh,2009,2. Female Victims,1,1,0,0,0,0,0
564,Jammu & Kashmir,2009,2. Female Victims,1,10,0,0,1,5,3
565,Jharkhand,2009,2. Female Victims,1,16,1,1,0,10,3
566,Karnataka,2009,2. Female Victims,0,29,0,1,1,23,4
567,Kerala,2009,2. Female Victims,10,59,6,13,3,8,19
568,Madhya Pradesh,2009,2. Female Victims,3,26,2,1,0,11,9
569,Maharashtra,2009,2. Female Victims,3,21,1,3,0,12,2
570,Manipur,2009,2. Female Victims,0,0,0,0,0,0,0
571,Meghalaya,2009,2. Female Victims,0,1,0,0,0,1,0
572,Nagaland,2009,2. Female Victims,2,1,0,0,1,10,8
573,Odisha,2009,2. Female Victims,0,8,0,0,0,0,8
574,Punjab,2009,2. Female Victims,3,21,3,1,1,7,6
575,Rajasthan,2009,2. Female Victims,2,10,2,0,1,4,4
576,Sikkim,2009,2. Female Victims,2,2,0,1,1,1,8
577,Tamil Nadu,2009,2. Female Victims,0,2,0,0,0,1,1
578,Tripura,2009,2. Female Victims,2,1,0,0,0,0,1
579,Uttar Pradesh,2009,2. Female Victims,14,259,12,6,17,128,82
580,Uttarakhand,2009,2. Female Victims,2,8,0,0,1,5,3
581,West Bengal,2009,2. Female Victims,16,192,3,6,18,99,50
582,Andaman & Nicobar Islands,2010,2. Female Victims,2,3,0,0,1,2,1
583,Andhra Pradesh,2010,2. Female Victims,11,28,0,0,0,10,7
584,Arunachal Pradesh,2010,2. Female Victims,0,0,0,0,0,0,0
585,Bihar,2010,2. Female Victims,3,78,0,0,1,61,13
586,Chhattisgarh,2010,2. Female Victims,0,5,0,0,2,1,2
587,Delhi,2010,2. Female Victims,3,31,3,6,3,14,2
588,Goa,2010,2. Female Victims,0,1,0,0,0,1,0
589,Gujarat,2010,2. Female Victims,0,10,1,0,1,4,4
590,Haryana,2010,2. Female Victims,1,3,0,0,0,1,1
591,Himachal Pradesh,2010,2. Female Victims,0,3,0,0,0,1,2
592,Jammu & Kashmir,2010,2. Female Victims,0,4,0,0,0,4,0
593,Jharkhand,2010,2. Female Victims,1,6,0,0,0,1,4
594,Karnataka,2010,2. Female Victims,0,29,0,3,0,24,2
595,Kerala,2010,2. Female Victims,5,23,4,0,0,10,4
596,Madhya Pradesh,2010,2. Female Victims,1,16,1,3,2,3,6
597,Maharashtra,2010,2. Female Victims,3,45,0,5,0,21,14
598,Manipur,2010,2. Female Victims,0,1,0,0,0,1,0
599,Meghalaya,2010,2. Female Victims,0,0,0,0,0,0,0
600,Mizoram,2010,2. Female Victims,0,0,0,0,0,0,0
601,Nagaland,2010,2. Female Victims,1,4,0,0,0,1,2
602,Odisha,2010,2. Female Victims,0,18,0,0,0,12,6
603,Puducherry,2010,2. Female Victims,1,4,0,1,1,1,1
604,Punjab,2010,2. Female Victims,6,23,1,0,4,9,3
605,Rajasthan,2010,2. Female Victims,2,8,1,1,1,4,2
606,Tamil Nadu,2010,2. Female Victims,0,4,0,1,0,1,2
607,Tripura,2010,2. Female Victims,2,3,0,2,0,0,1
608,Uttar Pradesh,2010,2. Female Victims,11,225,10,5,8,112,79
609,Uttarakhand,2010,2. Female Victims,2,11,0,0,1,7,4
610,West Bengal,2010,2. Female Victims,14,152,9,1,22,88,18
611,Andhra Pradesh,2001,3. Total,19,149,3,1,5,57,64
612,Arunachal Pradesh,2001,3. Total,1,6,0,0,0,3,2
613,Assam,2001,3. Total,2,40,0,0,1,20,17
614,Bihar,2001,3. Total,20,250,3,0,20,128,79
615,Chandigarh,2001,3. Total,0,6,0,0,0,6,0
616,Chhattisgarh,2001,3. Total,9,80,2,3,3,37,26
617,Delhi,2001,3. Total,1,77,2,3,10,35,26
618,Goa,2001,3. Total,2,5,0,0,1,3,8
619,Gujarat,2001,3. Total,50,451,44,84,28,120,125
620,Haryana,2001,3. Total,4,80,0,5,3,38,30
621,Himachal Pradesh,2001,3. Total,1,11,1,0,2,3,4
622,Jammu & Kashmir,2001,3. Total,0,36,8,1,8,8,11
623,Jharkhand,2001,3. Total,9,143,1,5,12,65,51
624,Karnataka,2001,3. Total,5,77,5,4,7,29,27
625,Kerala,2001,3. Total,10,111,5,5,4,35,52
626,Madhya Pradesh,2001,3. Total,13,125,5,3,7,62,35
627,Maharashtra,2001,3. Total,8,134,6,7,11,66,36
628,Manipur,2001,3. Total,2,5,0,0,1,3,2
629,Meghalaya,2001,3. Total,0,2,0,0,0,1,1
630,Mizoram,2001,3. Total,2,14,1,0,1,4,6
631,Nagaland,2001,3. Total,0,37,0,0,7,19,11
632,Odisha,2001,3. Total,0,55,0,0,5,34,16
633,Puducherry,2001,3. Total,1,1,0,0,1,10,8
634,Punjab,2001,3. Total,7,80,0,4,2,34,33
635,Rajasthan,2001,3. Total,3,63,0,3,1,21,35
636,Sikkim,2001,3. Total,2,7,0,0,1,6,1
637,Tamil Nadu,2001,3. Total,6,19,1,1,4,4,3
638,Uttar Pradesh,2001,3. Total,123,1225,9,5,75,493,520
639,Uttarakhand,2001,3. Total,6,39,0,0,1,14,18
640,West Bengal,2001,3. Total,23,588,20,1,39,274,231
641,Andaman & Nicobar Islands,2002,3. Total,0,1,0,0,0,1,0
642,Andhra Pradesh,2002,3. Total,15,203,2,2,7,86,91
643,Arunachal Pradesh,2002,3. Total,1,6,0,0,1,5,8
644,Assam,2002,3. Total,4,55,0,0,0,29,22
645,Bihar,2002,3. Total,18,400,1,0,17,201,163
646,Chandigarh,2002,3. Total,0,7,0,0,0,4,3
647,Chhattisgarh,2002,3. Total,3,24,1,2,3,9,6
648,Daman & Diu,2002,3. Total,0,0,0,0,0,0,0
649,Delhi,2002,3. Total,3,79,1,8,3,37,27
650,Goa,2002,3. Total,1,6,0,0,1,3,2
651,Gujarat,2002,3. Total,6,27,0,0,0,7,14
652,Haryana,2002,3. Total,2,95,1,3,6,45,38
653,Himachal Pradesh,2002,3. Total,1,6,1,0,0,1,3
654,Jammu & Kashmir,2002,3. Total,1,32,0,0,2,13,16
655,Jharkhand,2002,3. Total,8,115,5,3,7,45,47
656,Karnataka,2002,3. Total,4,59,0,6,6,22,21
657,Kerala,2002,3. Total,13,210,4,4,1,101,87
658,Madhya Pradesh,2002,3. Total,34,229,15,4,19,91,66
659,Maharashtra,2002,3. Total,14,110,1,4,2,46,43
660,Manipur,2002,3. Total,2,3,0,0,1,10,1
661,Meghalaya,2002,3. Total,0,3,0,0,0,2,1
662,Mizoram,2002,3. Total,2,5,0,0,2,1,2
663,Nagaland,2002,3. Total,0,6,0,0,0,4,2
664,Odisha,2002,3. Total,1,63,0,1,2,28,31
665,Puducherry,2002,3. Total,2,2,0,0,1,1,1
666,Punjab,2002,3. Total,3,132,0,6,2,58,63
667,Rajasthan,2002,3. Total,4,68,1,0,1,32,30
668,Sikkim,2002,3. Total,2,2,0,0,1,10,2
669,Tamil Nadu,2002,3. Total,0,37,0,0,5,12,20
670,Tripura,2002,3. Total,2,1,0,0,1,1,8
671,Uttar Pradesh,2002,3. Total,90,1282,12,11,76,608,485
672,Uttarakhand,2002,3. Total,5,48,0,0,1,21,22
673,West Bengal,2002,3. Total,17,540,1,0,2,342,178
674,Andaman & Nicobar Islands,2003,3. Total,0,1,0,0,0,1,0
675,Andhra Pradesh,2003,3. Total,11,180,0,0,2,95,72
676,Arunachal Pradesh,2003,3. Total,0,3,0,0,0,3,0
677,Assam,2003,3. Total,0,48,0,0,0,37,11
678,Bihar,2003,3. Total,21,318,4,0,24,185,84
679,Chandigarh,2003,3. Total,0,2,0,0,0,2,0
680,Chhattisgarh,2003,3. Total,4,57,0,1,5,29,18
681,Dadra & Nagar Haveli,2003,3. Total,0,1,0,0,1,10,1
682,Daman & Diu,2003,3. Total,0,0,0,0,0,0,0
683,Delhi,2003,3. Total,3,79,1,4,2,40,29
684,Goa,2003,3. Total,3,14,0,0,1,5,6
685,Gujarat,2003,3. Total,1,75,3,2,7,42,20
686,Haryana,2003,3. Total,6,82,0,5,5,26,40
687,Himachal Pradesh,2003,3. Total,0,5,1,0,0,1,3
688,Jammu & Kashmir,2003,3. Total,2,29,0,0,0,14,13
689,Jharkhand,2003,3. Total,4,109,1,0,4,58,42
690,Karnataka,2003,3. Total,7,74,2,2,1,23,39
691,Kerala,2003,3. Total,40,352,6,1,1,205,99
692,Madhya Pradesh,2003,3. Total,28,203,11,1,15,86,62
693,Maharashtra,2003,3. Total,16,146,2,2,3,53,70
694,Manipur,2003,3. Total,0,6,0,0,0,3,3
695,Meghalaya,2003,3. Total,0,17,1,0,3,12,1
696,Mizoram,2003,3. Total,0,3,0,0,0,2,1
697,Nagaland,2003,3. Total,0,12,0,0,0,6,6
698,Odisha,2003,3. Total,1,191,0,0,0,132,58
699,Punjab,2003,3. Total,7,156,2,2,6,48,91
700,Rajasthan,2003,3. Total,4,61,3,1,1,26,26
701,Sikkim,2003,3. Total,2,3,0,0,1,2,1
702,Tamil Nadu,2003,3. Total,2,29,1,1,1,11,13
703,Uttar Pradesh,2003,3. Total,141,1525,21,3,91,637,632
704,Uttarakhand,2003,3. Total,2,35,0,0,0,12,21
705,West Bengal,2003,3. Total,23,486,2,0,2,283,176
706,Andaman & Nicobar Islands,2004,3. Total,2,2,0,0,0,2,0
707,Andhra Pradesh,2004,3. Total,6,163,1,1,0,90,65
708,Arunachal Pradesh,2004,3. Total,0,1,0,0,0,1,0
709,Assam,2004,3. Total,2,63,0,0,0,43,18
710,Bihar,2004,3. Total,14,280,0,1,10,150,105
711,Chandigarh,2004,3. Total,0,10,0,0,0,2,8
712,Chhattisgarh,2004,3. Total,5,25,0,0,3,11,6
713,Delhi,2004,3. Total,7,111,0,5,2,65,32
714,Goa,2004,3. Total,1,6,0,0,1,1,4
715,Gujarat,2004,3. Total,0,33,0,7,2,9,15
716,Haryana,2004,3. Total,3,65,1,5,1,25,30
717,Himachal Pradesh,2004,3. Total,2,12,0,0,0,3,7
718,Jammu & Kashmir,2004,3. Total,3,30,1,1,1,9,16
719,Jharkhand,2004,3. Total,4,115,1,0,4,62,44
720,Karnataka,2004,3. Total,30,284,5,7,2,121,119
721,Kerala,2004,3. Total,40,490,8,5,14,234,189
722,Madhya Pradesh,2004,3. Total,14,246,14,11,9,111,87
723,Maharashtra,2004,3. Total,31,214,1,7,2,60,113
724,Manipur,2004,3. Total,0,3,0,0,0,2,1
725,Meghalaya,2004,3. Total,1,11,0,1,0,4,5
726,Mizoram,2004,3. Total,0,2,0,0,0,1,1
727,Nagaland,2004,3. Total,0,5,0,0,0,2,3
728,Odisha,2004,3. Total,2,25,0,0,0,9,14
729,Puducherry,2004,3. Total,7,14,0,0,1,2,5
730,Punjab,2004,3. Total,23,222,2,8,7,100,82
731,Rajasthan,2004,3. Total,2,62,2,1,1,31,28
732,Sikkim,2004,3. Total,0,3,0,0,0,2,1
733,Tamil Nadu,2004,3. Total,3,119,94,0,0,11,11
734,Uttar Pradesh,2004,3. Total,117,1436,33,14,77,655,540
735,Uttarakhand,2004,3. Total,2,29,0,0,0,16,11
736,West Bengal,2004,3. Total,39,468,1,0,0,256,172
737,Andaman & Nicobar Islands,2005,3. Total,2,3,0,0,1,1,2
738,Andhra Pradesh,2005,3. Total,9,111,2,1,2,47,50
739,Arunachal Pradesh,2005,3. Total,0,5,0,0,0,5,0
740,Assam,2005,3. Total,2,117,0,0,0,69,46
741,Bihar,2005,3. Total,10,259,1,0,9,145,94
742,Chandigarh,2005,3. Total,0,4,0,0,0,2,2
743,Chhattisgarh,2005,3. Total,5,59,1,2,6,18,27
744,Daman & Diu,2005,3. Total,2,4,0,0,1,4,8
745,Delhi,2005,3. Total,2,78,3,4,4,36,31
746,Goa,2005,3. Total,1,5,0,0,1,2,2
747,Gujarat,2005,3. Total,1,37,1,1,0,16,18
748,Haryana,2005,3. Total,4,59,0,4,2,24,25
749,Himachal Pradesh,2005,3. Total,2,22,0,0,1,10,9
750,Jammu & Kashmir,2005,3. Total,1,37,0,1,0,18,17
751,Jharkhand,2005,3. Total,0,95,0,0,8,44,43
752,Karnataka,2005,3. Total,4,82,1,0,3,37,37
753,Kerala,2005,3. Total,24,110,1,6,5,30,44
754,Madhya Pradesh,2005,3. Total,19,226,15,6,15,96,75
755,Maharashtra,2005,3. Total,12,114,2,10,4,42,44
756,Manipur,2005,3. Total,0,4,0,0,0,2,2
757,Meghalaya,2005,3. Total,1,2,0,0,0,1,0
758,Mizoram,2005,3. Total,0,5,0,0,0,5,0
759,Nagaland,2005,3. Total,0,8,0,1,0,2,5
760,Odisha,2005,3. Total,2,55,2,4,1,24,22
761,Puducherry,2005,3. Total,2,8,0,0,1,1,5
762,Punjab,2005,3. Total,40,295,8,15,27,94,111
763,Rajasthan,2005,3. Total,6,59,1,2,4,20,26
764,Sikkim,2005,3. Total,2,2,0,0,1,1,8
765,Tamil Nadu,2005,3. Total,2,34,1,0,1,14,16
766,Tripura,2005,3. Total,1,1,0,0,1,10,8
767,Uttar Pradesh,2005,3. Total,157,1551,32,10,112,656,584
768,Uttarakhand,2005,3. Total,1,30,0,0,0,19,10
769,West Bengal,2005,3. Total,27,408,0,0,0,225,156
770,Andaman & Nicobar Islands,2006,3. Total,2,1,0,0,1,1,8
771,Andhra Pradesh,2006,3. Total,9,141,2,1,4,67,58
772,Arunachal Pradesh,2006,3. Total,0,3,0,0,0,1,2
773,Assam,2006,3. Total,0,32,0,0,0,18,14
774,Bihar,2006,3. Total,12,326,0,0,0,194,120
775,Chandigarh,2006,3. Total,0,8,0,0,0,5,3
776,Chhattisgarh,2006,3. Total,2,24,2,1,0,7,12
777,Dadra & Nagar Haveli,2006,3. Total,0,1,0,0,0,1,0
778,Delhi,2006,3. Total,2,78,0,2,3,33,38
779,Goa,2006,3. Total,2,3,1,0,1,10,2
780,Gujarat,2006,3. Total,1,27,1,0,1,11,13
781,Haryana,2006,3. Total,5,59,0,3,3,22,26
782,Himachal Pradesh,2006,3. Total,0,21,0,0,0,8,13
783,Jammu & Kashmir,2006,3. Total,1,40,0,0,0,23,16
784,Jharkhand,2006,3. Total,3,97,3,0,10,43,38
785,Karnataka,2006,3. Total,4,71,1,4,2,34,26
786,Kerala,2006,3. Total,21,117,4,5,1,29,57
787,Madhya Pradesh,2006,3. Total,17,138,5,15,7,42,52
788,Maharashtra,2006,3. Total,10,110,4,7,1,48,40
789,Manipur,2006,3. Total,0,4,0,0,0,3,1
790,Meghalaya,2006,3. Total,0,8,0,1,0,5,2
791,Mizoram,2006,3. Total,0,10,0,0,1,4,5
792,Nagaland,2006,3. Total,0,8,0,1,0,5,2
793,Odisha,2006,3. Total,0,58,0,0,0,35,23
794,Puducherry,2006,3. Total,1,3,0,0,1,1,1
795,Punjab,2006,3. Total,9,195,4,3,8,96,75
796,Rajasthan,2006,3. Total,4,79,2,0,6,31,36
797,Sikkim,2006,3. Total,2,3,0,1,1,10,2
798,Tamil Nadu,2006,3. Total,4,22,1,1,1,7,8
799,Tripura,2006,3. Total,2,1,1,0,1,10,8
800,Uttar Pradesh,2006,3. Total,148,1543,35,9,72,591,688
801,Uttarakhand,2006,3. Total,1,40,0,0,0,19,20
802,West Bengal,2006,3. Total,21,402,0,0,0,231,150
803,Andaman & Nicobar Islands,2007,3. Total,2,1,1,0,1,10,8
804,Andhra Pradesh,2007,3. Total,26,162,2,2,2,76,54
805,Arunachal Pradesh,2007,3. Total,0,2,0,0,0,0,2
806,Assam,2007,3. Total,0,109,0,0,0,61,48
807,Bihar,2007,3. Total,11,262,0,0,1,154,96
808,Chandigarh,2007,3. Total,1,8,0,0,0,2,5
809,Chhattisgarh,2007,3. Total,2,42,0,4,2,22,12
810,Delhi,2007,3. Total,3,97,0,1,1,52,40
811,Goa,2007,3. Total,2,7,0,1,1,1,3
812,Gujarat,2007,3. Total,0,21,2,5,0,9,5
813,Haryana,2007,3. Total,3,83,2,0,4,39,35
814,Himachal Pradesh,2007,3. Total,1,9,0,1,0,0,7
815,Jammu & Kashmir,2007,3. Total,0,28,3,2,1,11,11
816,Jharkhand,2007,3. Total,2,92,0,0,6,44,40
817,Karnataka,2007,3. Total,1,55,0,2,2,26,24
818,Kerala,2007,3. Total,15,98,5,5,2,26,45
819,Madhya Pradesh,2007,3. Total,11,155,7,16,12,59,50
820,Maharashtra,2007,3. Total,13,148,1,6,7,69,52
821,Manipur,2007,3. Total,0,2,0,1,0,1,0
822,Meghalaya,2007,3. Total,0,9,0,0,0,7,2
823,Mizoram,2007,3. Total,0,4,0,0,0,3,1
824,Nagaland,2007,3. Total,0,8,0,0,0,8,0
825,Odisha,2007,3. Total,0,46,0,0,0,38,8
826,Puducherry,2007,3. Total,2,3,1,1,1,10,1
827,Punjab,2007,3. Total,13,225,5,9,15,86,97
828,Rajasthan,2007,3. Total,8,64,1,3,3,17,32
829,Sikkim,2007,3. Total,2,3,0,0,1,1,2
830,Tamil Nadu,2007,3. Total,3,30,2,2,0,10,13
831,Tripura,2007,3. Total,2,2,0,0,1,10,2
832,Uttar Pradesh,2007,3. Total,163,1622,45,13,100,712,589
833,Uttarakhand,2007,3. Total,2,50,0,0,1,32,16
834,West Bengal,2007,3. Total,13,394,4,6,32,216,123
835,Andaman & Nicobar Islands,2008,3. Total,2,2,0,1,1,10,1
836,Andhra Pradesh,2008,3. Total,22,172,0,3,8,63,76
837,Arunachal Pradesh,2008,3. Total,0,2,0,0,0,1,1
838,Assam,2008,3. Total,0,71,0,0,0,46,25
839,Bihar,2008,3. Total,28,386,0,0,0,195,163
840,Chandigarh,2008,3. Total,0,6,0,0,0,6,0
841,Chhattisgarh,2008,3. Total,0,18,0,3,0,6,9
842,Delhi,2008,3. Total,2,66,1,1,1,40,21
843,Goa,2008,3. Total,3,21,2,2,0,3,11
844,Gujarat,2008,3. Total,7,99,5,11,3,42,31
845,Haryana,2008,3. Total,4,97,1,5,3,38,46
846,Himachal Pradesh,2008,3. Total,0,5,0,0,0,2,3
847,Jammu & Kashmir,2008,3. Total,1,36,0,0,1,23,11
848,Jharkhand,2008,3. Total,3,112,0,0,0,80,29
849,Karnataka,2008,3. Total,6,84,1,2,1,27,47
850,Kerala,2008,3. Total,19,96,3,7,1,29,37
851,Lakshadweep,2008,3. Total,2,0,0,0,1,10,0
852,Madhya Pradesh,2008,3. Total,21,239,12,16,7,98,85
853,Maharashtra,2008,3. Total,20,201,8,10,2,65,96
854,Manipur,2008,3. Total,1,4,0,0,0,2,1
855,Meghalaya,2008,3. Total,0,6,0,0,0,5,1
856,Mizoram,2008,3. Total,0,6,0,0,0,5,1
857,Nagaland,2008,3. Total,0,14,0,0,0,10,4
858,Odisha,2008,3. Total,17,84,0,1,6,30,30
859,Puducherry,2008,3. Total,1,3,0,0,1,2,8
860,Punjab,2008,3. Total,12,155,4,7,3,55,74
861,Rajasthan,2008,3. Total,4,54,1,2,2,19,26
862,Sikkim,2008,3. Total,2,6,0,0,1,6,8
863,Tamil Nadu,2008,3. Total,2,28,0,1,1,11,14
864,Tripura,2008,3. Total,2,2,0,0,1,10,1
865,Uttar Pradesh,2008,3. Total,123,1497,11,6,70,766,521
866,Uttarakhand,2008,3. Total,3,40,0,0,1,21,16
867,West Bengal,2008,3. Total,33,488,0,0,2,245,208
868,Andaman & Nicobar Islands,2009,3. Total,2,4,0,0,1,10,2
869,Andhra Pradesh,2009,3. Total,28,138,1,1,1,48,59
870,Arunachal Pradesh,2009,3. Total,0,5,0,0,0,0,5
871,Assam,2009,3. Total,0,35,0,0,0,24,11
872,Bihar,2009,3. Total,16,243,0,0,0,132,95
873,Chandigarh,2009,3. Total,0,8,0,2,0,3,3
874,Chhattisgarh,2009,3. Total,2,19,0,2,0,4,11
875,Dadra & Nagar Haveli,2009,3. Total,2,1,0,0,1,10,1
876,Daman & Diu,2009,3. Total,2,1,0,0,1,1,8
877,Delhi,2009,3. Total,3,87,1,0,3,42,38
878,Goa,2009,3. Total,2,19,0,2,1,11,3
879,Gujarat,2009,3. Total,1,60,3,5,5,31,15
880,Haryana,2009,3. Total,8,103,0,6,1,44,44
881,Himachal Pradesh,2009,3. Total,4,13,0,0,0,3,6
882,Jammu & Kashmir,2009,3. Total,1,34,0,0,3,15,15
883,Jharkhand,2009,3. Total,7,104,1,2,3,43,48
884,Karnataka,2009,3. Total,3,127,0,2,3,78,41
885,Kerala,2009,3. Total,33,187,11,19,11,33,80
886,Madhya Pradesh,2009,3. Total,5,141,8,9,6,64,49
887,Maharashtra,2009,3. Total,19,115,3,13,2,40,38
888,Manipur,2009,3. Total,0,2,0,1,1,0,0
889,Meghalaya,2009,3. Total,0,13,0,0,0,9,4
890,Mizoram,2009,3. Total,1,8,0,0,1,2,5
891,Nagaland,2009,3. Total,2,7,0,0,1,10,6
892,Odisha,2009,3. Total,0,48,0,0,0,21,27
893,Puducherry,2009,3. Total,2,5,0,2,1,1,2
894,Punjab,2009,3. Total,12,133,5,5,4,42,65
895,Rajasthan,2009,3. Total,6,128,3,0,2,56,61
896,Sikkim,2009,3. Total,2,3,0,1,1,2,8
897,Tamil Nadu,2009,3. Total,3,26,0,1,1,7,14
898,Tripura,2009,3. Total,0,2,0,0,0,0,2
899,Uttar Pradesh,2009,3. Total,131,1455,26,11,56,688,543
900,Uttarakhand,2009,3. Total,6,51,0,0,1,24,21
901,West Bengal,2009,3. Total,57,957,11,13,58,483,335
902,Andaman & Nicobar Islands,2010,3. Total,2,4,0,0,1,2,2
903,Andhra Pradesh,2010,3. Total,26,157,0,1,2,64,64
904,Arunachal Pradesh,2010,3. Total,0,3,0,0,0,2,1
905,Assam,2010,3. Total,2,46,0,0,1,33,13
906,Bihar,2010,3. Total,19,344,0,0,9,225,91
907,Chandigarh,2010,3. Total,0,9,0,0,0,1,8
908,Chhattisgarh,2010,3. Total,4,30,0,3,3,7,13
909,Dadra & Nagar Haveli,2010,3. Total,1,1,0,0,1,10,8
910,Daman & Diu,2010,3. Total,2,1,0,0,1,1,8
911,Delhi,2010,3. Total,6,144,12,13,7,75,31
912,Goa,2010,3. Total,0,4,0,1,0,1,2
913,Gujarat,2010,3. Total,7,79,2,0,1,36,33
914,Haryana,2010,3. Total,4,69,0,1,1,33,30
915,Himachal Pradesh,2010,3. Total,2,12,0,0,1,2,7
916,Jammu & Kashmir,2010,3. Total,3,26,0,0,0,13,10
917,Jharkhand,2010,3. Total,3,98,0,0,4,44,47
918,Karnataka,2010,3. Total,6,155,0,3,1,96,49
919,Kerala,2010,3. Total,26,132,4,2,1,51,48
920,Madhya Pradesh,2010,3. Total,4,128,4,11,4,51,54
921,Maharashtra,2010,3. Total,21,223,5,11,7,113,66
922,Manipur,2010,3. Total,0,1,0,0,0,1,0
923,Meghalaya,2010,3. Total,0,8,1,0,1,3,3
924,Mizoram,2010,3. Total,1,13,0,0,0,5,7
925,Nagaland,2010,3. Total,3,15,1,0,0,5,6
926,Odisha,2010,3. Total,0,37,0,0,0,21,16
927,Puducherry,2010,3. Total,5,17,0,2,1,4,6
928,Punjab,2010,3. Total,18,157,3,4,10,57,65
929,Rajasthan,2010,3. Total,9,104,1,1,3,37,53
930,Sikkim,2010,3. Total,2,2,0,0,1,1,1
931,Tamil Nadu,2010,3. Total,3,33,0,2,2,10,16
932,Tripura,2010,3. Total,0,8,0,3,1,2,2
933,Uttar Pradesh,2010,3. Total,137,1411,26,9,40,699,500
934,Uttarakhand,2010,3. Total,2,60,0,0,1,34,24
935,West Bengal,2010,3. Total,56,630,11,1,25,403,134
